Row,view,time,name
1,66184,2015100100,Donald_Trump
2,43317,2015100200,Donald_Trump
3,35165,2015100300,Donald_Trump
4,48162,2015100400,Donald_Trump
5,44634,2015100500,Donald_Trump
6,36231,2015100600,Donald_Trump
7,33306,2015100700,Donald_Trump
8,32039,2015100800,Donald_Trump
9,29426,2015100900,Donald_Trump
10,27001,2015101000,Donald_Trump
11,29642,2015101100,Donald_Trump
12,31291,2015101200,Donald_Trump
13,32553,2015101300,Donald_Trump
14,47416,2015101400,Donald_Trump
15,51259,2015101500,Donald_Trump
16,40979,2015101600,Donald_Trump
17,31160,2015101700,Donald_Trump
18,31024,2015101800,Donald_Trump
19,34520,2015101900,Donald_Trump
20,32455,2015102000,Donald_Trump
21,32529,2015102100,Donald_Trump
22,33547,2015102200,Donald_Trump
23,28576,2015102300,Donald_Trump
24,26808,2015102400,Donald_Trump
25,31748,2015102500,Donald_Trump
26,52550,2015102600,Donald_Trump
27,50176,2015102700,Donald_Trump
28,38628,2015102800,Donald_Trump
29,61329,2015102900,Donald_Trump
30,42940,2015103000,Donald_Trump
31,28622,2015103100,Donald_Trump
32,29071,2015110100,Donald_Trump
33,29706,2015110200,Donald_Trump
34,33879,2015110300,Donald_Trump
35,36452,2015110400,Donald_Trump
36,31911,2015110500,Donald_Trump
37,29258,2015110600,Donald_Trump
38,26146,2015110700,Donald_Trump
39,55964,2015110800,Donald_Trump
40,38504,2015110900,Donald_Trump
41,39495,2015111000,Donald_Trump
42,60163,2015111100,Donald_Trump
43,37140,2015111200,Donald_Trump
44,34585,2015111300,Donald_Trump
45,28241,2015111400,Donald_Trump
46,33261,2015111500,Donald_Trump
47,30375,2015111600,Donald_Trump
48,30896,2015111700,Donald_Trump
49,30446,2015111800,Donald_Trump
50,35518,2015111900,Donald_Trump
51,48861,2015112000,Donald_Trump
52,97931,2015112100,Donald_Trump
53,46723,2015112200,Donald_Trump
54,41109,2015112300,Donald_Trump
55,41243,2015112400,Donald_Trump
56,37112,2015112500,Donald_Trump
57,48248,2015112600,Donald_Trump
58,43140,2015112700,Donald_Trump
59,34893,2015112800,Donald_Trump
60,33117,2015112900,Donald_Trump
61,33779,2015113000,Donald_Trump
62,53503,2015120100,Donald_Trump
63,42482,2015120200,Donald_Trump
64,37503,2015120300,Donald_Trump
65,39042,2015120400,Donald_Trump
66,43406,2015120500,Donald_Trump
67,37955,2015120600,Donald_Trump
68,45736,2015120700,Donald_Trump
69,187642,2015120800,Donald_Trump
70,223363,2015120900,Donald_Trump
71,181414,2015121000,Donald_Trump
72,139220,2015121100,Donald_Trump
73,126868,2015121200,Donald_Trump
74,106102,2015121300,Donald_Trump
75,93227,2015121400,Donald_Trump
76,112946,2015121500,Donald_Trump
77,151062,2015121600,Donald_Trump
78,114299,2015121700,Donald_Trump
79,73525,2015121800,Donald_Trump
80,58923,2015121900,Donald_Trump
81,68075,2015122000,Donald_Trump
82,95256,2015122100,Donald_Trump
83,77541,2015122200,Donald_Trump
84,71999,2015122300,Donald_Trump
85,53978,2015122400,Donald_Trump
86,55049,2015122500,Donald_Trump
87,45277,2015122600,Donald_Trump
88,45268,2015122700,Donald_Trump
89,44391,2015122800,Donald_Trump
90,50159,2015122900,Donald_Trump
91,54913,2015123000,Donald_Trump
92,44731,2015123100,Donald_Trump
93,49319,2016010100,Donald_Trump
94,49705,2016010200,Donald_Trump
95,59936,2016010300,Donald_Trump
96,52181,2016010400,Donald_Trump
97,57707,2016010500,Donald_Trump
98,63668,2016010600,Donald_Trump
99,73783,2016010700,Donald_Trump
100,58730,2016010800,Donald_Trump
101,51790,2016010900,Donald_Trump
102,60737,2016011000,Donald_Trump
103,55970,2016011100,Donald_Trump
104,58585,2016011200,Donald_Trump
105,62678,2016011300,Donald_Trump
106,72196,2016011400,Donald_Trump
107,124329,2016011500,Donald_Trump
108,77149,2016011600,Donald_Trump
109,66781,2016011700,Donald_Trump
110,87274,2016011800,Donald_Trump
111,81726,2016011900,Donald_Trump
112,93757,2016012000,Donald_Trump
113,78926,2016012100,Donald_Trump
114,67419,2016012200,Donald_Trump
115,65722,2016012300,Donald_Trump
116,76281,2016012400,Donald_Trump
117,79032,2016012500,Donald_Trump
118,103344,2016012600,Donald_Trump
119,111353,2016012700,Donald_Trump
120,107896,2016012800,Donald_Trump
121,116904,2016012900,Donald_Trump
122,79182,2016013000,Donald_Trump
123,92047,2016013100,Donald_Trump
124,142416,2016020100,Donald_Trump
125,1126257,2016020200,Donald_Trump
126,923465,2016020300,Donald_Trump
127,377177,2016020400,Donald_Trump
128,212087,2016020500,Donald_Trump
129,134188,2016020600,Donald_Trump
130,218751,2016020700,Donald_Trump
131,199101,2016020800,Donald_Trump
132,152293,2016020900,Donald_Trump
133,323030,2016021000,Donald_Trump
134,263117,2016021100,Donald_Trump
135,208048,2016021200,Donald_Trump
136,136674,2016021300,Donald_Trump
137,165298,2016021400,Donald_Trump
138,112972,2016021500,Donald_Trump
139,77383,2016021600,Donald_Trump
140,120530,2016021700,Donald_Trump
141,177644,2016021800,Donald_Trump
142,204013,2016021900,Donald_Trump
143,134136,2016022000,Donald_Trump
144,304797,2016022100,Donald_Trump
145,353204,2016022200,Donald_Trump
146,161589,2016022300,Donald_Trump
147,279299,2016022400,Donald_Trump
148,239255,2016022500,Donald_Trump
149,375076,2016022600,Donald_Trump
150,235640,2016022700,Donald_Trump
151,257860,2016022800,Donald_Trump
152,302397,2016022900,Donald_Trump
153,409511,2016030100,Donald_Trump
154,549599,2016030200,Donald_Trump
155,498636,2016030300,Donald_Trump
156,2368814,2016030400,Donald_Trump
157,4034771,2016030500,Donald_Trump
158,2989680,2016030600,Donald_Trump
159,2091519,2016030700,Donald_Trump
160,827165,2016030800,Donald_Trump
161,675295,2016030900,Donald_Trump
162,572772,2016031000,Donald_Trump
163,477360,2016031100,Donald_Trump
164,404631,2016031200,Donald_Trump
165,417722,2016031300,Donald_Trump
166,369946,2016031400,Donald_Trump
167,369292,2016031500,Donald_Trump
168,460921,2016031600,Donald_Trump
169,303007,2016031700,Donald_Trump
170,264485,2016031800,Donald_Trump
171,215619,2016031900,Donald_Trump
172,209466,2016032000,Donald_Trump
173,218749,2016032100,Donald_Trump
174,249108,2016032200,Donald_Trump
175,236393,2016032300,Donald_Trump
176,200596,2016032400,Donald_Trump
177,196815,2016032500,Donald_Trump
178,158862,2016032600,Donald_Trump
179,158235,2016032700,Donald_Trump
180,207236,2016032800,Donald_Trump
181,183641,2016032900,Donald_Trump
182,205133,2016033000,Donald_Trump
183,173716,2016033100,Donald_Trump
184,147965,2016040100,Donald_Trump
185,112574,2016040200,Donald_Trump
186,132345,2016040300,Donald_Trump
187,142678,2016040400,Donald_Trump
188,183689,2016040500,Donald_Trump
189,152347,2016040600,Donald_Trump
190,132101,2016040700,Donald_Trump
191,111613,2016040800,Donald_Trump
192,91470,2016040900,Donald_Trump
193,108421,2016041000,Donald_Trump
194,117840,2016041100,Donald_Trump
195,127233,2016041200,Donald_Trump
196,190818,2016041300,Donald_Trump
197,108446,2016041400,Donald_Trump
198,61201,2016041500,Donald_Trump
199,48627,2016041600,Donald_Trump
200,64481,2016041700,Donald_Trump
201,73327,2016041800,Donald_Trump
202,102534,2016041900,Donald_Trump
203,163511,2016042000,Donald_Trump
204,109991,2016042100,Donald_Trump
205,84092,2016042200,Donald_Trump
206,70616,2016042300,Donald_Trump
207,73669,2016042400,Donald_Trump
208,89044,2016042500,Donald_Trump
209,95517,2016042600,Donald_Trump
210,148473,2016042700,Donald_Trump
211,108336,2016042800,Donald_Trump
212,93945,2016042900,Donald_Trump
213,76370,2016043000,Donald_Trump
214,83480,2016050100,Donald_Trump
215,80330,2016050200,Donald_Trump
216,74420,2016050300,Donald_Trump
217,288977,2016050400,Donald_Trump
218,185389,2016050500,Donald_Trump
219,134439,2016050600,Donald_Trump
220,98271,2016050700,Donald_Trump
221,97176,2016050800,Donald_Trump
222,96106,2016050900,Donald_Trump
223,93191,2016051000,Donald_Trump
224,89183,2016051100,Donald_Trump
225,86604,2016051200,Donald_Trump
226,82185,2016051300,Donald_Trump
227,72334,2016051400,Donald_Trump
228,75553,2016051500,Donald_Trump
229,92947,2016051600,Donald_Trump
230,88863,2016051700,Donald_Trump
231,94484,2016051800,Donald_Trump
232,70391,2016051900,Donald_Trump
233,61746,2016052000,Donald_Trump
234,51556,2016052100,Donald_Trump
235,53962,2016052200,Donald_Trump
236,55265,2016052300,Donald_Trump
237,54925,2016052400,Donald_Trump
238,58772,2016052500,Donald_Trump
239,83471,2016052600,Donald_Trump
240,73885,2016052700,Donald_Trump
241,60000,2016052800,Donald_Trump
242,55876,2016052900,Donald_Trump
243,56429,2016053000,Donald_Trump
244,55818,2016053100,Donald_Trump
245,61229,2016060100,Donald_Trump
1,25818,2015100100,Bernie_Sanders
2,20591,2015100200,Bernie_Sanders
3,17683,2015100300,Bernie_Sanders
4,22457,2015100400,Bernie_Sanders
5,23893,2015100500,Bernie_Sanders
6,22067,2015100600,Bernie_Sanders
7,23528,2015100700,Bernie_Sanders
8,23702,2015100800,Bernie_Sanders
9,22563,2015100900,Bernie_Sanders
10,22581,2015101000,Bernie_Sanders
11,26494,2015101100,Bernie_Sanders
12,33773,2015101200,Bernie_Sanders
13,64054,2015101300,Bernie_Sanders
14,394932,2015101400,Bernie_Sanders
15,107519,2015101500,Bernie_Sanders
16,67170,2015101600,Bernie_Sanders
17,48984,2015101700,Bernie_Sanders
18,58653,2015101800,Bernie_Sanders
19,52821,2015101900,Bernie_Sanders
20,37753,2015102000,Bernie_Sanders
21,33002,2015102100,Bernie_Sanders
22,35930,2015102200,Bernie_Sanders
23,28370,2015102300,Bernie_Sanders
24,24520,2015102400,Bernie_Sanders
25,29090,2015102500,Bernie_Sanders
26,27341,2015102600,Bernie_Sanders
27,30344,2015102700,Bernie_Sanders
28,23968,2015102800,Bernie_Sanders
29,31197,2015102900,Bernie_Sanders
30,20986,2015103000,Bernie_Sanders
31,16513,2015103100,Bernie_Sanders
32,20060,2015110100,Bernie_Sanders
33,20068,2015110200,Bernie_Sanders
34,24236,2015110300,Bernie_Sanders
35,21141,2015110400,Bernie_Sanders
36,23256,2015110500,Bernie_Sanders
37,25524,2015110600,Bernie_Sanders
38,28515,2015110700,Bernie_Sanders
39,32140,2015110800,Bernie_Sanders
40,23534,2015110900,Bernie_Sanders
41,18622,2015111000,Bernie_Sanders
42,22543,2015111100,Bernie_Sanders
43,19471,2015111200,Bernie_Sanders
44,17844,2015111300,Bernie_Sanders
45,15324,2015111400,Bernie_Sanders
46,68178,2015111500,Bernie_Sanders
47,23736,2015111600,Bernie_Sanders
48,19358,2015111700,Bernie_Sanders
49,19312,2015111800,Bernie_Sanders
50,19408,2015111900,Bernie_Sanders
51,17412,2015112000,Bernie_Sanders
52,13405,2015112100,Bernie_Sanders
53,12961,2015112200,Bernie_Sanders
54,14742,2015112300,Bernie_Sanders
55,22856,2015112400,Bernie_Sanders
56,15289,2015112500,Bernie_Sanders
57,13979,2015112600,Bernie_Sanders
58,11755,2015112700,Bernie_Sanders
59,10701,2015112800,Bernie_Sanders
60,12555,2015112900,Bernie_Sanders
61,11665,2015113000,Bernie_Sanders
62,13419,2015120100,Bernie_Sanders
63,12538,2015120200,Bernie_Sanders
64,11988,2015120300,Bernie_Sanders
65,11345,2015120400,Bernie_Sanders
66,9079,2015120500,Bernie_Sanders
67,11565,2015120600,Bernie_Sanders
68,16188,2015120700,Bernie_Sanders
69,21759,2015120800,Bernie_Sanders
70,33903,2015120900,Bernie_Sanders
71,28291,2015121000,Bernie_Sanders
72,21180,2015121100,Bernie_Sanders
73,17126,2015121200,Bernie_Sanders
74,16685,2015121300,Bernie_Sanders
75,16084,2015121400,Bernie_Sanders
76,17968,2015121500,Bernie_Sanders
77,25930,2015121600,Bernie_Sanders
78,21817,2015121700,Bernie_Sanders
79,28892,2015121800,Bernie_Sanders
80,25675,2015121900,Bernie_Sanders
81,102341,2015122000,Bernie_Sanders
82,28088,2015122100,Bernie_Sanders
83,21907,2015122200,Bernie_Sanders
84,24656,2015122300,Bernie_Sanders
85,22775,2015122400,Bernie_Sanders
86,19936,2015122500,Bernie_Sanders
87,17852,2015122600,Bernie_Sanders
88,19236,2015122700,Bernie_Sanders
89,19398,2015122800,Bernie_Sanders
90,17875,2015122900,Bernie_Sanders
91,18149,2015123000,Bernie_Sanders
92,15018,2015123100,Bernie_Sanders
93,15317,2016010100,Bernie_Sanders
94,16946,2016010200,Bernie_Sanders
95,22220,2016010300,Bernie_Sanders
96,17690,2016010400,Bernie_Sanders
97,18988,2016010500,Bernie_Sanders
98,25492,2016010600,Bernie_Sanders
99,21674,2016010700,Bernie_Sanders
100,21280,2016010800,Bernie_Sanders
101,19365,2016010900,Bernie_Sanders
102,24682,2016011000,Bernie_Sanders
103,27955,2016011100,Bernie_Sanders
104,45235,2016011200,Bernie_Sanders
105,69156,2016011300,Bernie_Sanders
106,43567,2016011400,Bernie_Sanders
107,47570,2016011500,Bernie_Sanders
108,43793,2016011600,Bernie_Sanders
109,59486,2016011700,Bernie_Sanders
110,189584,2016011800,Bernie_Sanders
111,73815,2016011900,Bernie_Sanders
112,69782,2016012000,Bernie_Sanders
113,69142,2016012100,Bernie_Sanders
114,69790,2016012200,Bernie_Sanders
115,53173,2016012300,Bernie_Sanders
116,58002,2016012400,Bernie_Sanders
117,60987,2016012500,Bernie_Sanders
118,128745,2016012600,Bernie_Sanders
119,99325,2016012700,Bernie_Sanders
120,77363,2016012800,Bernie_Sanders
121,68714,2016012900,Bernie_Sanders
122,57176,2016013000,Bernie_Sanders
123,79527,2016013100,Bernie_Sanders
124,120816,2016020100,Bernie_Sanders
125,364027,2016020200,Bernie_Sanders
126,146082,2016020300,Bernie_Sanders
127,156164,2016020400,Bernie_Sanders
128,165792,2016020500,Bernie_Sanders
129,92760,2016020600,Bernie_Sanders
130,131056,2016020700,Bernie_Sanders
131,88444,2016020800,Bernie_Sanders
132,109239,2016020900,Bernie_Sanders
133,486363,2016021000,Bernie_Sanders
134,180750,2016021100,Bernie_Sanders
135,197445,2016021200,Bernie_Sanders
136,96372,2016021300,Bernie_Sanders
137,83235,2016021400,Bernie_Sanders
138,73128,2016021500,Bernie_Sanders
139,92194,2016021600,Bernie_Sanders
140,88622,2016021700,Bernie_Sanders
141,78440,2016021800,Bernie_Sanders
142,83242,2016021900,Bernie_Sanders
143,94459,2016022000,Bernie_Sanders
144,100633,2016022100,Bernie_Sanders
145,74901,2016022200,Bernie_Sanders
146,62154,2016022300,Bernie_Sanders
147,77337,2016022400,Bernie_Sanders
148,63510,2016022500,Bernie_Sanders
149,62841,2016022600,Bernie_Sanders
150,55263,2016022700,Bernie_Sanders
151,66937,2016022800,Bernie_Sanders
152,52275,2016022900,Bernie_Sanders
153,79813,2016030100,Bernie_Sanders
154,145964,2016030200,Bernie_Sanders
155,73108,2016030300,Bernie_Sanders
156,64233,2016030400,Bernie_Sanders
157,54079,2016030500,Bernie_Sanders
158,71074,2016030600,Bernie_Sanders
159,127054,2016030700,Bernie_Sanders
160,67400,2016030800,Bernie_Sanders
161,101248,2016030900,Bernie_Sanders
162,97565,2016031000,Bernie_Sanders
163,60323,2016031100,Bernie_Sanders
164,59066,2016031200,Bernie_Sanders
165,71072,2016031300,Bernie_Sanders
166,89893,2016031400,Bernie_Sanders
167,92523,2016031500,Bernie_Sanders
168,89328,2016031600,Bernie_Sanders
169,45121,2016031700,Bernie_Sanders
170,39614,2016031800,Bernie_Sanders
171,34379,2016031900,Bernie_Sanders
172,36607,2016032000,Bernie_Sanders
173,36092,2016032100,Bernie_Sanders
174,39926,2016032200,Bernie_Sanders
175,44304,2016032300,Bernie_Sanders
176,32329,2016032400,Bernie_Sanders
177,30295,2016032500,Bernie_Sanders
178,54630,2016032600,Bernie_Sanders
179,82714,2016032700,Bernie_Sanders
180,54402,2016032800,Bernie_Sanders
181,45312,2016032900,Bernie_Sanders
182,41002,2016033000,Bernie_Sanders
183,40610,2016033100,Bernie_Sanders
184,41345,2016040100,Bernie_Sanders
185,38946,2016040200,Bernie_Sanders
186,35888,2016040300,Bernie_Sanders
187,34814,2016040400,Bernie_Sanders
188,42663,2016040500,Bernie_Sanders
189,89895,2016040600,Bernie_Sanders
190,62453,2016040700,Bernie_Sanders
191,62515,2016040800,Bernie_Sanders
192,48780,2016040900,Bernie_Sanders
193,55075,2016041000,Bernie_Sanders
194,44791,2016041100,Bernie_Sanders
195,39109,2016041200,Bernie_Sanders
196,39553,2016041300,Bernie_Sanders
197,55595,2016041400,Bernie_Sanders
198,94494,2016041500,Bernie_Sanders
199,59401,2016041600,Bernie_Sanders
200,51122,2016041700,Bernie_Sanders
201,50731,2016041800,Bernie_Sanders
202,63932,2016041900,Bernie_Sanders
203,62563,2016042000,Bernie_Sanders
204,32177,2016042100,Bernie_Sanders
205,22439,2016042200,Bernie_Sanders
206,18504,2016042300,Bernie_Sanders
207,21732,2016042400,Bernie_Sanders
208,23352,2016042500,Bernie_Sanders
209,28658,2016042600,Bernie_Sanders
210,37973,2016042700,Bernie_Sanders
211,24625,2016042800,Bernie_Sanders
212,21330,2016042900,Bernie_Sanders
213,15956,2016043000,Bernie_Sanders
214,20112,2016050100,Bernie_Sanders
215,20497,2016050200,Bernie_Sanders
216,22071,2016050300,Bernie_Sanders
217,58233,2016050400,Bernie_Sanders
218,35232,2016050500,Bernie_Sanders
219,26124,2016050600,Bernie_Sanders
220,23413,2016050700,Bernie_Sanders
221,23021,2016050800,Bernie_Sanders
222,22860,2016050900,Bernie_Sanders
223,24708,2016051000,Bernie_Sanders
224,39313,2016051100,Bernie_Sanders
225,22765,2016051200,Bernie_Sanders
226,18453,2016051300,Bernie_Sanders
227,15690,2016051400,Bernie_Sanders
228,17778,2016051500,Bernie_Sanders
229,19901,2016051600,Bernie_Sanders
230,23479,2016051700,Bernie_Sanders
231,36762,2016051800,Bernie_Sanders
232,25963,2016051900,Bernie_Sanders
233,19513,2016052000,Bernie_Sanders
234,16116,2016052100,Bernie_Sanders
235,21274,2016052200,Bernie_Sanders
236,21754,2016052300,Bernie_Sanders
237,22009,2016052400,Bernie_Sanders
238,20034,2016052500,Bernie_Sanders
239,24183,2016052600,Bernie_Sanders
240,25912,2016052700,Bernie_Sanders
241,26391,2016052800,Bernie_Sanders
242,23651,2016052900,Bernie_Sanders
243,20877,2016053000,Bernie_Sanders
244,22820,2016053100,Bernie_Sanders
245,19442,2016060100,Bernie_Sanders
1,29442,2015100100,Barack_Obama
2,35124,2015100200,Barack_Obama
3,28251,2015100300,Barack_Obama
4,34347,2015100400,Barack_Obama
5,32527,2015100500,Barack_Obama
6,29494,2015100600,Barack_Obama
7,30702,2015100700,Barack_Obama
8,28807,2015100800,Barack_Obama
9,26387,2015100900,Barack_Obama
10,24590,2015101000,Barack_Obama
11,34962,2015101100,Barack_Obama
12,41542,2015101200,Barack_Obama
13,33109,2015101300,Barack_Obama
14,37614,2015101400,Barack_Obama
15,30804,2015101500,Barack_Obama
16,27865,2015101600,Barack_Obama
17,23358,2015101700,Barack_Obama
18,25623,2015101800,Barack_Obama
19,28632,2015101900,Barack_Obama
20,32915,2015102000,Barack_Obama
21,31597,2015102100,Barack_Obama
22,30535,2015102200,Barack_Obama
23,26448,2015102300,Barack_Obama
24,22129,2015102400,Barack_Obama
25,23056,2015102500,Barack_Obama
26,25150,2015102600,Barack_Obama
27,26057,2015102700,Barack_Obama
28,35904,2015102800,Barack_Obama
29,29615,2015102900,Barack_Obama
30,24048,2015103000,Barack_Obama
31,20529,2015103100,Barack_Obama
32,22396,2015110100,Barack_Obama
33,26883,2015110200,Barack_Obama
34,31307,2015110300,Barack_Obama
35,30037,2015110400,Barack_Obama
36,27812,2015110500,Barack_Obama
37,26750,2015110600,Barack_Obama
38,23945,2015110700,Barack_Obama
39,24750,2015110800,Barack_Obama
40,28096,2015110900,Barack_Obama
41,29184,2015111000,Barack_Obama
42,28972,2015111100,Barack_Obama
43,26503,2015111200,Barack_Obama
44,24624,2015111300,Barack_Obama
45,30391,2015111400,Barack_Obama
46,32686,2015111500,Barack_Obama
47,37106,2015111600,Barack_Obama
48,41971,2015111700,Barack_Obama
49,40790,2015111800,Barack_Obama
50,38957,2015111900,Barack_Obama
51,35506,2015112000,Barack_Obama
52,31803,2015112100,Barack_Obama
53,32780,2015112200,Barack_Obama
54,33683,2015112300,Barack_Obama
55,32278,2015112400,Barack_Obama
56,30930,2015112500,Barack_Obama
57,33739,2015112600,Barack_Obama
58,26742,2015112700,Barack_Obama
59,24745,2015112800,Barack_Obama
60,26682,2015112900,Barack_Obama
61,28952,2015113000,Barack_Obama
62,29879,2015120100,Barack_Obama
63,29045,2015120200,Barack_Obama
64,32281,2015120300,Barack_Obama
65,34636,2015120400,Barack_Obama
66,28089,2015120500,Barack_Obama
67,30440,2015120600,Barack_Obama
68,49388,2015120700,Barack_Obama
69,44294,2015120800,Barack_Obama
70,45120,2015120900,Barack_Obama
71,37960,2015121000,Barack_Obama
72,33222,2015121100,Barack_Obama
73,28254,2015121200,Barack_Obama
74,30848,2015121300,Barack_Obama
75,37906,2015121400,Barack_Obama
76,31832,2015121500,Barack_Obama
77,37752,2015121600,Barack_Obama
78,29782,2015121700,Barack_Obama
79,32274,2015121800,Barack_Obama
80,27739,2015121900,Barack_Obama
81,48117,2015122000,Barack_Obama
82,31609,2015122100,Barack_Obama
83,27269,2015122200,Barack_Obama
84,24894,2015122300,Barack_Obama
85,22465,2015122400,Barack_Obama
86,22877,2015122500,Barack_Obama
87,25474,2015122600,Barack_Obama
88,23848,2015122700,Barack_Obama
89,22726,2015122800,Barack_Obama
90,22982,2015122900,Barack_Obama
91,23780,2015123000,Barack_Obama
92,26204,2015123100,Barack_Obama
93,26166,2016010100,Barack_Obama
94,30651,2016010200,Barack_Obama
95,31395,2016010300,Barack_Obama
96,29989,2016010400,Barack_Obama
97,39443,2016010500,Barack_Obama
98,43359,2016010600,Barack_Obama
99,34401,2016010700,Barack_Obama
100,35558,2016010800,Barack_Obama
101,27895,2016010900,Barack_Obama
102,30057,2016011000,Barack_Obama
103,29914,2016011100,Barack_Obama
104,37043,2016011200,Barack_Obama
105,102339,2016011300,Barack_Obama
106,54080,2016011400,Barack_Obama
107,45170,2016011500,Barack_Obama
108,38804,2016011600,Barack_Obama
109,39823,2016011700,Barack_Obama
110,43868,2016011800,Barack_Obama
111,40486,2016011900,Barack_Obama
112,38653,2016012000,Barack_Obama
113,35508,2016012100,Barack_Obama
114,31347,2016012200,Barack_Obama
115,28328,2016012300,Barack_Obama
116,31291,2016012400,Barack_Obama
117,31666,2016012500,Barack_Obama
118,35489,2016012600,Barack_Obama
119,38200,2016012700,Barack_Obama
120,36143,2016012800,Barack_Obama
121,34015,2016012900,Barack_Obama
122,28010,2016013000,Barack_Obama
123,32511,2016013100,Barack_Obama
124,40019,2016020100,Barack_Obama
125,60929,2016020200,Barack_Obama
126,43575,2016020300,Barack_Obama
127,43012,2016020400,Barack_Obama
128,39308,2016020500,Barack_Obama
129,29192,2016020600,Barack_Obama
130,36964,2016020700,Barack_Obama
131,35879,2016020800,Barack_Obama
132,38342,2016020900,Barack_Obama
133,52600,2016021000,Barack_Obama
134,41518,2016021100,Barack_Obama
135,38904,2016021200,Barack_Obama
136,35887,2016021300,Barack_Obama
137,48557,2016021400,Barack_Obama
138,46698,2016021500,Barack_Obama
139,47491,2016021600,Barack_Obama
140,49374,2016021700,Barack_Obama
141,44616,2016021800,Barack_Obama
142,42146,2016021900,Barack_Obama
143,34059,2016022000,Barack_Obama
144,48873,2016022100,Barack_Obama
145,50100,2016022200,Barack_Obama
146,49416,2016022300,Barack_Obama
147,47079,2016022400,Barack_Obama
148,41397,2016022500,Barack_Obama
149,42751,2016022600,Barack_Obama
150,34074,2016022700,Barack_Obama
151,38684,2016022800,Barack_Obama
152,39797,2016022900,Barack_Obama
153,43899,2016030100,Barack_Obama
154,64109,2016030200,Barack_Obama
155,48559,2016030300,Barack_Obama
156,47458,2016030400,Barack_Obama
157,37051,2016030500,Barack_Obama
158,52412,2016030600,Barack_Obama
159,55198,2016030700,Barack_Obama
160,39358,2016030800,Barack_Obama
161,43298,2016030900,Barack_Obama
162,43314,2016031000,Barack_Obama
163,48691,2016031100,Barack_Obama
164,46356,2016031200,Barack_Obama
165,44452,2016031300,Barack_Obama
166,43686,2016031400,Barack_Obama
167,49236,2016031500,Barack_Obama
168,65630,2016031600,Barack_Obama
169,46865,2016031700,Barack_Obama
170,37013,2016031800,Barack_Obama
171,31721,2016031900,Barack_Obama
172,39117,2016032000,Barack_Obama
173,48848,2016032100,Barack_Obama
174,50235,2016032200,Barack_Obama
175,50453,2016032300,Barack_Obama
176,42751,2016032400,Barack_Obama
177,34149,2016032500,Barack_Obama
178,29820,2016032600,Barack_Obama
179,36168,2016032700,Barack_Obama
180,34043,2016032800,Barack_Obama
181,33991,2016032900,Barack_Obama
182,33377,2016033000,Barack_Obama
183,30449,2016033100,Barack_Obama
184,30041,2016040100,Barack_Obama
185,28362,2016040200,Barack_Obama
186,27649,2016040300,Barack_Obama
187,29520,2016040400,Barack_Obama
188,33024,2016040500,Barack_Obama
189,33425,2016040600,Barack_Obama
190,31165,2016040700,Barack_Obama
191,28876,2016040800,Barack_Obama
192,25190,2016040900,Barack_Obama
193,26365,2016041000,Barack_Obama
194,28880,2016041100,Barack_Obama
195,26467,2016041200,Barack_Obama
196,25462,2016041300,Barack_Obama
197,25828,2016041400,Barack_Obama
198,25335,2016041500,Barack_Obama
199,21935,2016041600,Barack_Obama
200,23663,2016041700,Barack_Obama
201,26294,2016041800,Barack_Obama
202,29046,2016041900,Barack_Obama
203,33923,2016042000,Barack_Obama
204,30524,2016042100,Barack_Obama
205,37881,2016042200,Barack_Obama
206,34815,2016042300,Barack_Obama
207,35820,2016042400,Barack_Obama
208,34902,2016042500,Barack_Obama
209,29575,2016042600,Barack_Obama
210,34297,2016042700,Barack_Obama
211,30080,2016042800,Barack_Obama
212,28910,2016042900,Barack_Obama
213,25277,2016043000,Barack_Obama
214,83580,2016050100,Barack_Obama
215,77608,2016050200,Barack_Obama
216,53453,2016050300,Barack_Obama
217,55854,2016050400,Barack_Obama
218,46527,2016050500,Barack_Obama
219,40432,2016050600,Barack_Obama
220,38759,2016050700,Barack_Obama
221,43226,2016050800,Barack_Obama
222,38802,2016050900,Barack_Obama
223,34989,2016051000,Barack_Obama
224,35205,2016051100,Barack_Obama
225,32509,2016051200,Barack_Obama
226,30290,2016051300,Barack_Obama
227,25399,2016051400,Barack_Obama
228,28995,2016051500,Barack_Obama
229,35981,2016051600,Barack_Obama
230,33310,2016051700,Barack_Obama
231,32555,2016051800,Barack_Obama
232,29284,2016051900,Barack_Obama
233,27335,2016052000,Barack_Obama
234,22260,2016052100,Barack_Obama
235,25590,2016052200,Barack_Obama
236,32035,2016052300,Barack_Obama
237,33062,2016052400,Barack_Obama
238,31909,2016052500,Barack_Obama
239,33763,2016052600,Barack_Obama
240,33851,2016052700,Barack_Obama
241,25954,2016052800,Barack_Obama
242,24495,2016052900,Barack_Obama
243,26714,2016053000,Barack_Obama
244,26355,2016053100,Barack_Obama
245,25470,2016060100,Barack_Obama
1,11497,2015100100,Hillary_Clinton
2,10223,2015100200,Hillary_Clinton
3,8411,2015100300,Hillary_Clinton
4,13767,2015100400,Hillary_Clinton
5,15780,2015100500,Hillary_Clinton
6,12740,2015100600,Hillary_Clinton
7,14933,2015100700,Hillary_Clinton
8,14869,2015100800,Hillary_Clinton
9,11648,2015100900,Hillary_Clinton
10,9359,2015101000,Hillary_Clinton
11,11570,2015101100,Hillary_Clinton
12,13920,2015101200,Hillary_Clinton
13,20038,2015101300,Hillary_Clinton
14,98079,2015101400,Hillary_Clinton
15,30089,2015101500,Hillary_Clinton
16,20158,2015101600,Hillary_Clinton
17,15623,2015101700,Hillary_Clinton
18,15510,2015101800,Hillary_Clinton
19,16116,2015101900,Hillary_Clinton
20,16311,2015102000,Hillary_Clinton
21,19197,2015102100,Hillary_Clinton
22,39542,2015102200,Hillary_Clinton
23,39708,2015102300,Hillary_Clinton
24,23337,2015102400,Hillary_Clinton
25,20793,2015102500,Hillary_Clinton
26,22095,2015102600,Hillary_Clinton
27,17895,2015102700,Hillary_Clinton
28,18104,2015102800,Hillary_Clinton
29,18041,2015102900,Hillary_Clinton
30,14320,2015103000,Hillary_Clinton
31,11649,2015103100,Hillary_Clinton
32,10418,2015110100,Hillary_Clinton
33,11655,2015110200,Hillary_Clinton
34,12562,2015110300,Hillary_Clinton
35,12704,2015110400,Hillary_Clinton
36,11746,2015110500,Hillary_Clinton
37,12976,2015110600,Hillary_Clinton
38,21515,2015110700,Hillary_Clinton
39,12481,2015110800,Hillary_Clinton
40,11785,2015110900,Hillary_Clinton
41,11226,2015111000,Hillary_Clinton
42,13500,2015111100,Hillary_Clinton
43,12354,2015111200,Hillary_Clinton
44,12454,2015111300,Hillary_Clinton
45,10289,2015111400,Hillary_Clinton
46,31216,2015111500,Hillary_Clinton
47,14173,2015111600,Hillary_Clinton
48,12296,2015111700,Hillary_Clinton
49,11708,2015111800,Hillary_Clinton
50,12098,2015111900,Hillary_Clinton
51,10633,2015112000,Hillary_Clinton
52,10187,2015112100,Hillary_Clinton
53,10081,2015112200,Hillary_Clinton
54,10314,2015112300,Hillary_Clinton
55,9899,2015112400,Hillary_Clinton
56,7698,2015112500,Hillary_Clinton
57,7710,2015112600,Hillary_Clinton
58,7368,2015112700,Hillary_Clinton
59,7125,2015112800,Hillary_Clinton
60,7931,2015112900,Hillary_Clinton
61,8917,2015113000,Hillary_Clinton
62,9839,2015120100,Hillary_Clinton
63,10382,2015120200,Hillary_Clinton
64,9267,2015120300,Hillary_Clinton
65,8337,2015120400,Hillary_Clinton
66,6843,2015120500,Hillary_Clinton
67,8047,2015120600,Hillary_Clinton
68,10059,2015120700,Hillary_Clinton
69,14286,2015120800,Hillary_Clinton
70,15351,2015120900,Hillary_Clinton
71,13818,2015121000,Hillary_Clinton
72,13706,2015121100,Hillary_Clinton
73,11211,2015121200,Hillary_Clinton
74,10745,2015121300,Hillary_Clinton
75,11613,2015121400,Hillary_Clinton
76,11598,2015121500,Hillary_Clinton
77,19288,2015121600,Hillary_Clinton
78,12394,2015121700,Hillary_Clinton
79,10995,2015121800,Hillary_Clinton
80,10886,2015121900,Hillary_Clinton
81,37383,2015122000,Hillary_Clinton
82,17255,2015122100,Hillary_Clinton
83,16753,2015122200,Hillary_Clinton
84,15670,2015122300,Hillary_Clinton
85,11806,2015122400,Hillary_Clinton
86,9864,2015122500,Hillary_Clinton
87,10263,2015122600,Hillary_Clinton
88,11491,2015122700,Hillary_Clinton
89,12291,2015122800,Hillary_Clinton
90,12063,2015122900,Hillary_Clinton
91,11942,2015123000,Hillary_Clinton
92,9835,2015123100,Hillary_Clinton
93,15621,2016010100,Hillary_Clinton
94,10885,2016010200,Hillary_Clinton
95,11333,2016010300,Hillary_Clinton
96,14466,2016010400,Hillary_Clinton
97,15422,2016010500,Hillary_Clinton
98,14035,2016010600,Hillary_Clinton
99,13578,2016010700,Hillary_Clinton
100,13496,2016010800,Hillary_Clinton
101,11626,2016010900,Hillary_Clinton
102,13270,2016011000,Hillary_Clinton
103,14690,2016011100,Hillary_Clinton
104,17360,2016011200,Hillary_Clinton
105,25324,2016011300,Hillary_Clinton
106,17564,2016011400,Hillary_Clinton
107,21742,2016011500,Hillary_Clinton
108,16580,2016011600,Hillary_Clinton
109,20040,2016011700,Hillary_Clinton
110,52959,2016011800,Hillary_Clinton
111,23837,2016011900,Hillary_Clinton
112,22432,2016012000,Hillary_Clinton
113,19483,2016012100,Hillary_Clinton
114,18955,2016012200,Hillary_Clinton
115,15998,2016012300,Hillary_Clinton
116,18591,2016012400,Hillary_Clinton
117,18489,2016012500,Hillary_Clinton
118,33665,2016012600,Hillary_Clinton
119,22351,2016012700,Hillary_Clinton
120,21770,2016012800,Hillary_Clinton
121,23935,2016012900,Hillary_Clinton
122,24347,2016013000,Hillary_Clinton
123,27261,2016013100,Hillary_Clinton
124,36520,2016020100,Hillary_Clinton
125,94925,2016020200,Hillary_Clinton
126,44607,2016020300,Hillary_Clinton
127,50031,2016020400,Hillary_Clinton
128,49759,2016020500,Hillary_Clinton
129,29302,2016020600,Hillary_Clinton
130,30355,2016020700,Hillary_Clinton
131,26762,2016020800,Hillary_Clinton
132,34324,2016020900,Hillary_Clinton
133,65709,2016021000,Hillary_Clinton
134,37149,2016021100,Hillary_Clinton
135,64277,2016021200,Hillary_Clinton
136,28868,2016021300,Hillary_Clinton
137,53962,2016021400,Hillary_Clinton
138,23522,2016021500,Hillary_Clinton
139,24670,2016021600,Hillary_Clinton
140,24299,2016021700,Hillary_Clinton
141,22511,2016021800,Hillary_Clinton
142,25459,2016021900,Hillary_Clinton
143,26822,2016022000,Hillary_Clinton
144,49695,2016022100,Hillary_Clinton
145,32147,2016022200,Hillary_Clinton
146,27208,2016022300,Hillary_Clinton
147,38339,2016022400,Hillary_Clinton
148,27834,2016022500,Hillary_Clinton
149,30515,2016022600,Hillary_Clinton
150,28671,2016022700,Hillary_Clinton
151,52715,2016022800,Hillary_Clinton
152,33299,2016022900,Hillary_Clinton
153,48556,2016030100,Hillary_Clinton
154,113285,2016030200,Hillary_Clinton
155,54817,2016030300,Hillary_Clinton
156,43927,2016030400,Hillary_Clinton
157,36728,2016030500,Hillary_Clinton
158,53203,2016030600,Hillary_Clinton
159,71456,2016030700,Hillary_Clinton
160,41022,2016030800,Hillary_Clinton
161,51076,2016030900,Hillary_Clinton
162,52085,2016031000,Hillary_Clinton
163,38134,2016031100,Hillary_Clinton
164,33070,2016031200,Hillary_Clinton
165,36821,2016031300,Hillary_Clinton
166,46168,2016031400,Hillary_Clinton
167,50521,2016031500,Hillary_Clinton
168,97243,2016031600,Hillary_Clinton
169,44696,2016031700,Hillary_Clinton
170,33650,2016031800,Hillary_Clinton
171,25460,2016031900,Hillary_Clinton
172,25602,2016032000,Hillary_Clinton
173,28712,2016032100,Hillary_Clinton
174,32954,2016032200,Hillary_Clinton
175,34989,2016032300,Hillary_Clinton
176,25577,2016032400,Hillary_Clinton
177,25348,2016032500,Hillary_Clinton
178,23945,2016032600,Hillary_Clinton
179,31886,2016032700,Hillary_Clinton
180,28969,2016032800,Hillary_Clinton
181,28503,2016032900,Hillary_Clinton
182,28452,2016033000,Hillary_Clinton
183,29562,2016033100,Hillary_Clinton
184,25582,2016040100,Hillary_Clinton
185,21198,2016040200,Hillary_Clinton
186,22893,2016040300,Hillary_Clinton
187,24196,2016040400,Hillary_Clinton
188,27690,2016040500,Hillary_Clinton
189,41684,2016040600,Hillary_Clinton
190,35270,2016040700,Hillary_Clinton
191,32841,2016040800,Hillary_Clinton
192,24977,2016040900,Hillary_Clinton
193,28996,2016041000,Hillary_Clinton
194,29106,2016041100,Hillary_Clinton
195,25475,2016041200,Hillary_Clinton
196,24367,2016041300,Hillary_Clinton
197,25653,2016041400,Hillary_Clinton
198,47395,2016041500,Hillary_Clinton
199,23831,2016041600,Hillary_Clinton
200,23076,2016041700,Hillary_Clinton
201,26924,2016041800,Hillary_Clinton
202,40986,2016041900,Hillary_Clinton
203,85505,2016042000,Hillary_Clinton
204,32462,2016042100,Hillary_Clinton
205,22398,2016042200,Hillary_Clinton
206,19939,2016042300,Hillary_Clinton
207,20063,2016042400,Hillary_Clinton
208,21925,2016042500,Hillary_Clinton
209,24666,2016042600,Hillary_Clinton
210,48275,2016042700,Hillary_Clinton
211,26948,2016042800,Hillary_Clinton
212,20944,2016042900,Hillary_Clinton
213,17332,2016043000,Hillary_Clinton
214,22658,2016050100,Hillary_Clinton
215,26015,2016050200,Hillary_Clinton
216,26333,2016050300,Hillary_Clinton
217,59190,2016050400,Hillary_Clinton
218,47135,2016050500,Hillary_Clinton
219,36870,2016050600,Hillary_Clinton
220,29986,2016050700,Hillary_Clinton
221,30854,2016050800,Hillary_Clinton
222,29441,2016050900,Hillary_Clinton
223,29167,2016051000,Hillary_Clinton
224,31748,2016051100,Hillary_Clinton
225,25548,2016051200,Hillary_Clinton
226,23658,2016051300,Hillary_Clinton
227,19040,2016051400,Hillary_Clinton
228,20119,2016051500,Hillary_Clinton
229,24286,2016051600,Hillary_Clinton
230,25424,2016051700,Hillary_Clinton
231,29527,2016051800,Hillary_Clinton
232,26724,2016051900,Hillary_Clinton
233,24330,2016052000,Hillary_Clinton
234,18213,2016052100,Hillary_Clinton
235,20965,2016052200,Hillary_Clinton
236,22797,2016052300,Hillary_Clinton
237,23131,2016052400,Hillary_Clinton
238,25915,2016052500,Hillary_Clinton
239,29429,2016052600,Hillary_Clinton
240,24627,2016052700,Hillary_Clinton
241,19465,2016052800,Hillary_Clinton
242,18839,2016052900,Hillary_Clinton
243,20436,2016053000,Hillary_Clinton
244,20801,2016053100,Hillary_Clinton
245,20763,2016060100,Hillary_Clinton
1,532,2015100100,Gary_Johnson
2,439,2015100200,Gary_Johnson
3,441,2015100300,Gary_Johnson
4,472,2015100400,Gary_Johnson
5,503,2015100500,Gary_Johnson
6,545,2015100600,Gary_Johnson
7,554,2015100700,Gary_Johnson
8,548,2015100800,Gary_Johnson
9,676,2015100900,Gary_Johnson
10,530,2015101000,Gary_Johnson
11,518,2015101100,Gary_Johnson
12,629,2015101200,Gary_Johnson
13,804,2015101300,Gary_Johnson
14,1399,2015101400,Gary_Johnson
15,901,2015101500,Gary_Johnson
16,709,2015101600,Gary_Johnson
17,523,2015101700,Gary_Johnson
18,526,2015101800,Gary_Johnson
19,722,2015101900,Gary_Johnson
20,742,2015102000,Gary_Johnson
21,720,2015102100,Gary_Johnson
22,692,2015102200,Gary_Johnson
23,760,2015102300,Gary_Johnson
24,449,2015102400,Gary_Johnson
25,495,2015102500,Gary_Johnson
26,581,2015102600,Gary_Johnson
27,554,2015102700,Gary_Johnson
28,551,2015102800,Gary_Johnson
29,765,2015102900,Gary_Johnson
30,569,2015103000,Gary_Johnson
31,475,2015103100,Gary_Johnson
32,431,2015110100,Gary_Johnson
33,590,2015110200,Gary_Johnson
34,652,2015110300,Gary_Johnson
35,613,2015110400,Gary_Johnson
36,626,2015110500,Gary_Johnson
37,681,2015110600,Gary_Johnson
38,495,2015110700,Gary_Johnson
39,478,2015110800,Gary_Johnson
40,554,2015110900,Gary_Johnson
41,579,2015111000,Gary_Johnson
42,855,2015111100,Gary_Johnson
43,670,2015111200,Gary_Johnson
44,555,2015111300,Gary_Johnson
45,414,2015111400,Gary_Johnson
46,435,2015111500,Gary_Johnson
47,504,2015111600,Gary_Johnson
48,595,2015111700,Gary_Johnson
49,570,2015111800,Gary_Johnson
50,624,2015111900,Gary_Johnson
51,613,2015112000,Gary_Johnson
52,405,2015112100,Gary_Johnson
53,417,2015112200,Gary_Johnson
54,514,2015112300,Gary_Johnson
55,498,2015112400,Gary_Johnson
56,452,2015112500,Gary_Johnson
57,382,2015112600,Gary_Johnson
58,397,2015112700,Gary_Johnson
59,448,2015112800,Gary_Johnson
60,380,2015112900,Gary_Johnson
61,419,2015113000,Gary_Johnson
62,454,2015120100,Gary_Johnson
63,499,2015120200,Gary_Johnson
64,484,2015120300,Gary_Johnson
65,481,2015120400,Gary_Johnson
66,424,2015120500,Gary_Johnson
67,463,2015120600,Gary_Johnson
68,552,2015120700,Gary_Johnson
69,743,2015120800,Gary_Johnson
70,817,2015120900,Gary_Johnson
71,751,2015121000,Gary_Johnson
72,585,2015121100,Gary_Johnson
73,516,2015121200,Gary_Johnson
74,546,2015121300,Gary_Johnson
75,597,2015121400,Gary_Johnson
76,555,2015121500,Gary_Johnson
77,908,2015121600,Gary_Johnson
78,636,2015121700,Gary_Johnson
79,577,2015121800,Gary_Johnson
80,493,2015121900,Gary_Johnson
81,595,2015122000,Gary_Johnson
82,537,2015122100,Gary_Johnson
83,533,2015122200,Gary_Johnson
84,541,2015122300,Gary_Johnson
85,494,2015122400,Gary_Johnson
86,457,2015122500,Gary_Johnson
87,540,2015122600,Gary_Johnson
88,438,2015122700,Gary_Johnson
89,467,2015122800,Gary_Johnson
90,534,2015122900,Gary_Johnson
91,540,2015123000,Gary_Johnson
92,530,2015123100,Gary_Johnson
93,481,2016010100,Gary_Johnson
94,489,2016010200,Gary_Johnson
95,492,2016010300,Gary_Johnson
96,537,2016010400,Gary_Johnson
97,1118,2016010500,Gary_Johnson
98,6867,2016010600,Gary_Johnson
99,7114,2016010700,Gary_Johnson
100,2365,2016010800,Gary_Johnson
101,1708,2016010900,Gary_Johnson
102,1363,2016011000,Gary_Johnson
103,1284,2016011100,Gary_Johnson
104,1433,2016011200,Gary_Johnson
105,1491,2016011300,Gary_Johnson
106,1338,2016011400,Gary_Johnson
107,1626,2016011500,Gary_Johnson
108,1160,2016011600,Gary_Johnson
109,1118,2016011700,Gary_Johnson
110,1473,2016011800,Gary_Johnson
111,1343,2016011900,Gary_Johnson
112,1453,2016012000,Gary_Johnson
113,1435,2016012100,Gary_Johnson
114,1707,2016012200,Gary_Johnson
115,1275,2016012300,Gary_Johnson
116,1228,2016012400,Gary_Johnson
117,1204,2016012500,Gary_Johnson
118,1413,2016012600,Gary_Johnson
119,1495,2016012700,Gary_Johnson
120,1348,2016012800,Gary_Johnson
121,1658,2016012900,Gary_Johnson
122,1259,2016013000,Gary_Johnson
123,1342,2016013100,Gary_Johnson
124,1844,2016020100,Gary_Johnson
125,3039,2016020200,Gary_Johnson
126,3148,2016020300,Gary_Johnson
127,2522,2016020400,Gary_Johnson
128,1914,2016020500,Gary_Johnson
129,1810,2016020600,Gary_Johnson
130,1921,2016020700,Gary_Johnson
131,1620,2016020800,Gary_Johnson
132,1833,2016020900,Gary_Johnson
133,3531,2016021000,Gary_Johnson
134,2556,2016021100,Gary_Johnson
135,2009,2016021200,Gary_Johnson
136,1674,2016021300,Gary_Johnson
137,1601,2016021400,Gary_Johnson
138,1763,2016021500,Gary_Johnson
139,2003,2016021600,Gary_Johnson
140,2066,2016021700,Gary_Johnson
141,1991,2016021800,Gary_Johnson
142,1964,2016021900,Gary_Johnson
143,1752,2016022000,Gary_Johnson
144,2758,2016022100,Gary_Johnson
145,2481,2016022200,Gary_Johnson
146,2275,2016022300,Gary_Johnson
147,2994,2016022400,Gary_Johnson
148,2750,2016022500,Gary_Johnson
149,3023,2016022600,Gary_Johnson
150,2474,2016022700,Gary_Johnson
151,2720,2016022800,Gary_Johnson
152,3020,2016022900,Gary_Johnson
153,5910,2016030100,Gary_Johnson
154,7832,2016030200,Gary_Johnson
155,8297,2016030300,Gary_Johnson
156,6745,2016030400,Gary_Johnson
157,4082,2016030500,Gary_Johnson
158,5029,2016030600,Gary_Johnson
159,4447,2016030700,Gary_Johnson
160,3884,2016030800,Gary_Johnson
161,4372,2016030900,Gary_Johnson
162,3260,2016031000,Gary_Johnson
163,3560,2016031100,Gary_Johnson
164,3029,2016031200,Gary_Johnson
165,2992,2016031300,Gary_Johnson
166,3370,2016031400,Gary_Johnson
167,4834,2016031500,Gary_Johnson
168,8478,2016031600,Gary_Johnson
169,4673,2016031700,Gary_Johnson
170,3558,2016031800,Gary_Johnson
171,3121,2016031900,Gary_Johnson
172,3516,2016032000,Gary_Johnson
173,3179,2016032100,Gary_Johnson
174,3522,2016032200,Gary_Johnson
175,3381,2016032300,Gary_Johnson
176,3643,2016032400,Gary_Johnson
177,4388,2016032500,Gary_Johnson
178,6011,2016032600,Gary_Johnson
179,5281,2016032700,Gary_Johnson
180,4696,2016032800,Gary_Johnson
181,4042,2016032900,Gary_Johnson
182,4080,2016033000,Gary_Johnson
183,4110,2016033100,Gary_Johnson
184,3479,2016040100,Gary_Johnson
185,3849,2016040200,Gary_Johnson
186,2690,2016040300,Gary_Johnson
187,2434,2016040400,Gary_Johnson
188,3649,2016040500,Gary_Johnson
189,3998,2016040600,Gary_Johnson
190,2502,2016040700,Gary_Johnson
191,2543,2016040800,Gary_Johnson
192,2393,2016040900,Gary_Johnson
193,2301,2016041000,Gary_Johnson
194,2387,2016041100,Gary_Johnson
195,2265,2016041200,Gary_Johnson
196,2034,2016041300,Gary_Johnson
197,2690,2016041400,Gary_Johnson
198,2135,2016041500,Gary_Johnson
199,1660,2016041600,Gary_Johnson
200,1625,2016041700,Gary_Johnson
201,1786,2016041800,Gary_Johnson
202,2114,2016041900,Gary_Johnson
203,3293,2016042000,Gary_Johnson
204,2462,2016042100,Gary_Johnson
205,1927,2016042200,Gary_Johnson
206,2983,2016042300,Gary_Johnson
207,1982,2016042400,Gary_Johnson
208,1794,2016042500,Gary_Johnson
209,2310,2016042600,Gary_Johnson
210,3934,2016042700,Gary_Johnson
211,2672,2016042800,Gary_Johnson
212,2290,2016042900,Gary_Johnson
213,2074,2016043000,Gary_Johnson
214,1992,2016050100,Gary_Johnson
215,2399,2016050200,Gary_Johnson
216,3137,2016050300,Gary_Johnson
217,20369,2016050400,Gary_Johnson
218,15161,2016050500,Gary_Johnson
219,13605,2016050600,Gary_Johnson
220,11032,2016050700,Gary_Johnson
221,10930,2016050800,Gary_Johnson
222,9568,2016050900,Gary_Johnson
223,8265,2016051000,Gary_Johnson
224,6272,2016051100,Gary_Johnson
225,4900,2016051200,Gary_Johnson
226,3946,2016051300,Gary_Johnson
227,3399,2016051400,Gary_Johnson
228,3198,2016051500,Gary_Johnson
229,3691,2016051600,Gary_Johnson
230,5959,2016051700,Gary_Johnson
231,8944,2016051800,Gary_Johnson
232,14645,2016051900,Gary_Johnson
233,11003,2016052000,Gary_Johnson
234,10557,2016052100,Gary_Johnson
235,10171,2016052200,Gary_Johnson
236,9864,2016052300,Gary_Johnson
237,7868,2016052400,Gary_Johnson
238,8211,2016052500,Gary_Johnson
239,8670,2016052600,Gary_Johnson
240,9787,2016052700,Gary_Johnson
241,9335,2016052800,Gary_Johnson
242,26052,2016052900,Gary_Johnson
243,37613,2016053000,Gary_Johnson
244,22533,2016053100,Gary_Johnson
245,22282,2016060100,Gary_Johnson
